{
  "project_info": {
    "project_number": "311681461241",
    "firebase_url": "https://velosos-3f65b-default-rtdb.firebaseio.com",
    "project_id": "velosos-3f65b",
    "storage_bucket": "velosos-3f65b.firebasestorage.app"
  },
  "client": [
    {
      "client_info": {
        "mobilesdk_app_id": "1:311681461241:android:d34fe9e341ec55fcb3eb28",
        "android_client_info": {
          "package_name": "com.velosocial.com"
        }
      },
      "oauth_client": [],
      "api_key": [
        {
          "current_key": "AIzaSyBZlOlWoY8Jc3celK73LpTEz6egJPc1wdw"
        }
      ],
      "services": {
        "appinvite_service": {
          "other_platform_oauth_client": []
        }
      }
    }
  ],
  "configuration_version": "1"
}